INSERT INTO enterprise (enterprise_id, enterprise_name, category, description, star, latitude, longitude, address)
VALUES
    (1, '초록믿음강진', 'AGRICULTURAL_PRODUCTS', '강진군에서 운영하는 직거래 지원센터로, 지역 농어업인이 직접 생산한 신선한 농수특산물을 판매합니다.', 4.5, 34.6400, 126.7700, '전라남도 강진군 강진읍 오감길 2'),
    (2, '강진칠량농공단지농수특산물판매장', 'AGRICULTURAL_PRODUCTS', '지역에서 생산된 다양한 농수특산물을 한곳에서 구매할 수 있습니다.', 4.5, 34.5743956, 126.8308053, '전라남도 강진군 칠량면 656-31'),
    (3, '탐진팜', 'AGRICULTURAL_PRODUCTS', '스마트팜을 통해 재배한 신선한 파프리카를 산지 직송으로 판매하는 농장입니다.', 4.7, 34.6082747, 126.9527746, '전남 강진군 용산면 유동상금길 276'),
    (4, '강진전통된장영농조합법인', 'AGRICULTURAL_PRODUCTS', '전통 방식으로 만든 된장과 고추장을 생산·판매하는 영농조합법인입니다.', 4.3, 34.6540413360382, 126.846084185532, '전라남도 강진군 군동면 신기2길 2'),
    (5, '강진농수산물쇼핑몰', 'AGRICULTURAL_PRODUCTS', '강진 지역의 다양한 농수산물을 온라인으로 구매할 수 있는 쇼핑몰입니다.', 4.0, 34.6400, 126.7700, '전라남도 강진군 강진읍 남포로 5'),
    (6, '선한농수산물센터', 'AGRICULTURAL_PRODUCTS', '강진, 장흥, 완도 등지에서 생산된 해조류와 농산물을 판매하는 센터입니다.', 4.1, 34.6000, 126.8000, '전라남도 강진군 칠량면 청자로 671-7'),
    (7, '강진군수협수산물판매장', 'SEAFOOD', '강진군 수협에서 운영하는 수산물 판매장으로, 신선한 해산물을 합리적인 가격에 제공합니다.', 4.5, 34.4765, 126.9050, '전라남도 강진군 강진읍 남포로 5'),
    (8, '마량놀토수산시장', 'SEAFOOD', '매주 토요일에 열리는 수산물 시장으로, 다양한 해산물을 신선하게 구매할 수 있습니다.', 4.7, 34.4760, 126.9045, '전라남도 강진군 마량면 미항로 152'),
    (9, '강진수산', 'SEAFOOD', '지역에서 잡은 신선한 해산물을 판매하는 상점으로, 품질 좋은 해산물을 제공합니다.', 4.3, 34.6405, 126.7705, '전라남도 강진군 강진읍 중앙로 15'),
    (10, '탐진수산', 'SEAFOOD', '다양한 해산물을 신선하게 제공하며, 친절한 서비스로 유명한 수산물 상점입니다.', 4.6, 34.4762, 126.9052, '전라남도 강진군 마량면 미항로 189'),
    (11, '마량항수산물판매장', 'SEAFOOD', '마량항에 위치한 수산물 판매장으로, 현지에서 잡은 신선한 해산물을 구매할 수 있습니다.', 4.4, 34.4768, 126.9055, '전라남도 강진군 마량면 미항로 189'),
    (12, '강진수산물판매센터', 'SEAFOOD', '다양한 해산물을 한곳에서 구매할 수 있는 판매센터로, 신선한 제품을 제공합니다.', 4.5, 34.4765, 126.9050, '전라남도 강진군 마량면 미항로 189'),
    (13, '강진완도축협', 'MEAT', '강진군과 완도군 지역의 축산물을 전문적으로 취급하는 협동조합으로, 신선한 한우와 돼지고기를 제공합니다.', 4.5, 34.6400, 126.7700, '전라남도 강진군 강진읍 남포로 5'),
    (14, '강진궁전한우촌', 'MEAT', '명성축산영농조합법인에서 운영하는 한우 전문점으로, 신선한 한우를 판매하며 식사도 가능합니다.', 4.7, 34.6405, 126.7705, '전라남도 강진군 강진읍 보은로 62'),
    (15, '가온축산', 'MEAT', '염소 도축장을 운영하며, 신선한 염소 지육을 주문 처리하여 제공합니다.', 4.3, 34.6000, 126.8000, '전라남도 강진군 성전면 강진산단로 1길 71'),
    (16, '은정훈제육포', 'MEAT', '바베큐 향이 은은한 수제 육포를 생산·판매하며, 돼지고기와 소고기 육포를 다양하게 제공합니다.', 4.6, 34.6400, 126.7700, '전라남도 강진군 강진읍 향교로 44'),
    (17, '강진축산', 'MEAT', '지역에서 생산된 신선한 육류를 제공하는 정육점으로, 품질 좋은 고기를 합리적인 가격에 판매합니다.', 4.4, 34.6410, 126.7710, '전라남도 강진군 강진읍 남포로 20'),
    (18, '강진한우마을', 'MEAT', '지역 한우를 전문적으로 취급하는 상점으로, 신선한 한우를 판매하며 식사도 가능합니다.', 4.5, 34.6420, 126.7720, '전라남도 강진군 강진읍 서성로 5'),
    (19, '26빵집', 'BAKERY', '강진읍시장 내에 위치한 작은 빵집으로, 국산 밀을 사용한 천연 발효종 빵을 제공합니다. 식사빵 위주의 메뉴를 선보이며, 월요일과 화요일은 휴무입니다.', 4.8, 34.6400, 126.7700, '전라남도 강진군 강진읍 시장길 19 종합동 야채시장 26호'),
    (20, '쨈과크림', 'BAKERY', '강진읍시장 내에 위치한 아기자기한 베이커리 카페로, 다양한 케이크와 휘낭시에 등을 제공합니다. 화요일부터 토요일까지 영업하며, 월요일과 일요일은 휴무입니다.', 4.7, 34.6405, 126.7705, '전라남도 강진군 강진읍 시장길 19, 43호'),
    (21, '베이크업', 'BAKERY', '강진읍에 위치한 베이커리 카페로, 다양한 빵과 음료를 제공합니다. 화요일부터 일요일까지 영업하며, 월요일은 휴무입니다.', 4.6, 34.6410, 126.7710, '전라남도 강진군 강진읍 탐진로 60 후레쉬빌2차 상가'),
    (22, '강진책빵', 'BAKERY', '강진읍에 위치한 베이커리로, 다양한 빵과 커피를 제공합니다. 영업 시간은 오전 9시부터 오후 7시까지이며, 일요일은 휴무입니다.', 4.5, 34.6415, 126.7715, '전라남도 강진군 강진읍 보은로3길 48 1층'),
    (23, '떡떡쿵덕쿵', 'BAKERY', '강진오감통 근처에 위치한 떡집으로, ''BREAD88''이라는 이름으로 빵도 함께 판매합니다. 밤식빵과 마늘빵이 인기 메뉴이며, 가성비가 좋습니다.', 4.7, 34.6400, 126.7700, '전라남도 강진군 강진읍 오감길 9-1'),
    (24, '오트릿', 'BAKERY', '강진읍에 위치한 카페로, 강진의 특산물인 귀리를 활용한 음료와 디저트를 제공합니다. 근대 건축 양식의 건물로 독특한 분위기를 자아냅니다.', 4.5, 34.6410, 126.7710, '전라남도 강진군 강진읍 남성리 32-6'),
    (25, '강진농장', 'DAIRY_AND_EGGS', '전라남도 강진군 성전면에 위치한 농장으로, 신선한 유제품과 계란을 생산·판매합니다. 온라인 쇼핑몰을 통해 다양한 제품을 구매할 수 있습니다.', 4.5, 34.6420, 126.7720, '전라남도 강진군 성전면 달마지길 13-15'),
    (26, '임마누엘농장', 'DAIRY_AND_EGGS', '전라남도 강진군에 위치한 농장으로, 가족이 함께 운영하며 신선한 계란과 유제품을 생산합니다. 귀농 3년 차에 접어든 농장으로, 안정적인 기반을 갖추고 있습니다.', 4.7, 34.6400, 126.7700, '전라남도 강진군 병영면 병영성로 82-22'),
    (27, '행복을찾아서농장', 'DAIRY_AND_EGGS', '전라남도 강진군 병영면에 위치한 유기농 농장으로, 유산양을 키우며 건강하고 좋은 먹거리를 제공합니다. 넓은 공간에서 자유롭게 자라는 유산양의 유제품을 생산합니다.', 4.6, 34.6000, 126.8000, '전라남도 강진군 병영면'),
    (28, '강진산들농원', 'DAIRY_AND_EGGS', '강진 푸소 농가로, 농촌 체험과 함께 신선한 유제품과 계란을 제공합니다. 제철 쌈채소 따기 체험과 6년근 약도라지 캐기 체험 등을 할 수 있습니다.', 4.8, 34.6405, 126.7705, '전라남도 강진군 병영면 병영성로 82-22'),
    (29, '강진푸소체험농가', 'DAIRY_AND_EGGS', '강진군에서 운영하는 농촌 체험 프로그램으로, 현지 농가에서 머물며 시골 감성을 경험하고 신선한 유제품과 계란을 맛볼 수 있습니다.', 4.9, 34.6410, 126.7710, '전라남도 강진군'),
    (30, '강진농업기술센터', 'DAIRY_AND_EGGS', '강진군의 농업기술센터로, 지역 농업인의 교육과 지원을 담당하며, 유제품과 계란 생산에 대한 기술 지원을 제공합니다.', 4.4, 34.6425, 126.7725, '전라남도 강진군 강진읍 남문길 8'),
    (31, '그린화훼영농조합법인뷰티팜', 'FLORICULTURE', '수국과 작약 등 다양한 화훼를 재배하며, 국내외로 수출하는 강진군의 대표적인 화훼 농가입니다.', 4.8, 34.6000, 126.8000, '전라남도 강진군 칠량면 칠관로 341-15'),
    (32, '강진농장', 'FLORICULTURE', '다양한 화훼류를 재배하며, 온라인 쇼핑몰을 통해 판매하는 농장입니다.', 4.5, 34.6420, 126.7720, '전라남도 강진군 성전면 달마지길 13-15'),
    (33, '강진화훼단지', 'FLORICULTURE', '다양한 화훼류를 재배하고 판매하는 단지로, 강진군의 화훼 산업을 대표하는 곳입니다.', 4.7, 34.6400, 126.7700, '전라남도 강진군 강진읍 남포로 5'),
    (34, '강진꽃농원', 'FLORICULTURE', '다양한 꽃과 식물을 재배하며, 직접 판매하는 농원입니다.', 4.6, 34.6410, 126.7710, '전라남도 강진군 강진읍 탐진로 60'),
    (35, '강진수목원', 'FLORICULTURE', '다양한 수목과 화훼를 재배하며, 판매와 함께 관람도 가능한 수목원입니다.', 4.9, 34.6425, 126.7725, '전라남도 강진군 강진읍 남문길 8'),
    (36, '강진화훼농장', 'FLORICULTURE', '다양한 화훼류를 재배하며, 직접 판매하는 농장입니다.', 4.4, 34.6405, 126.7705, '전라남도 강진군 강진읍 시장길 19');

INSERT INTO product (product_id, enterprise_id, product_name, unit, product_price)
VALUES
    -- 초록믿음강진 (농산물)
    (1, 1, '유기농쌀', '1kg', 5000),
    (2, 1, '감자', '1kg', 3000),
    (3, 1, '고구마', '1kg', 4000),
    (4, 1, '배추', '1포기', 2500),
    (5, 1, '토마토', '1kg', 3500),
    (6, 1, '양파', '1kg', 2000),

    -- 강진칠량농공단지 농수특산물판매장 (농산물)
    (7, 2, '당근', '1kg', 2500),
    (8, 2, '상추', '1단', 1500),
    (9, 2, '브로콜리', '1개', 3000),
    (10, 2, '호박', '1개', 1800),
    (11, 2, '파프리카', '1개', 2000),
    (12, 2, '대파', '1단', 1000),

    -- 탐진팜 (농산물)
    (13, 3, '파프리카', '1kg', 4500),
    (14, 3, '방울토마토', '500g', 3000),
    (15, 3, '가지', '1개', 1500),
    (16, 3, '오이', '1개', 1000),
    (17, 3, '청양고추', '200g', 1200),
    (18, 3, '아이스플랜트', '100g', 3000),

    -- 강진전통된장영농조합법인 (농산물)
    (19, 4, '된장', '500g', 6000),
    (20, 4, '고추장', '500g', 7000),
    (21, 4, '쌈장', '300g', 4000),
    (22, 4, '청국장', '200g', 5000),
    (23, 4, '전통간장', '1L', 8000),
    (24, 4, '막장', '400g', 5500),

    -- 강진농수산물쇼핑몰 (농산물)
    (25, 5, '옥수수', '1개', 1500),
    (26, 5, '마늘', '500g', 3000),
    (27, 5, '팥', '500g', 4000),
    (28, 5, '녹두', '500g', 3500),
    (29, 5, '부추', '1단', 2000),
    (30, 5, '콩나물', '500g', 1500),

    -- 선한농수산물센터 (농산물)
    (31, 6, '해초샐러드', '200g', 3500),
    (32, 6, '미역', '1kg', 7000),
    (33, 6, '다시마', '500g', 5000),
    (34, 6, '김', '20장', 8000),
    (35, 6, '톳', '300g', 4000),
    (36, 6, '청각', '200g', 2500),

    -- 강진군수협 수산물판매장 (해산물)
    (37, 7, '광어', '1kg', 15000),
    (38, 7, '우럭', '1kg', 12000),
    (39, 7, '새우', '500g', 10000),
    (40, 7, '꽃게', '1kg', 20000),
    (41, 7, '바지락', '1kg', 5000),
    (42, 7, '문어', '1kg', 18000),

    -- 마량놀토수산시장 (해산물)
    (43, 8, '멸치', '500g', 8000),
    (44, 8, '전복', '1개', 7000),
    (45, 8, '굴', '1kg', 12000),
    (46, 8, '고등어', '1마리', 6000),
    (47, 8, '갈치', '1마리', 9000),
    (48, 8, '낙지', '1마리', 10000),

    -- 강진수산 (해산물)
    (49, 9, '조기', '1마리', 4000),
    (50, 9, '오징어', '1마리', 5000),
    (51, 9, '소라', '500g', 7000),
    (52, 9, '미더덕', '500g', 6000),
    (53, 9, '성게알', '100g', 15000),
    (54, 9, '대합', '1kg', 8000),

    -- 탐진수산 (해산물)
    (55, 10, '도미', '1kg', 16000),
    (56, 10, '참치', '500g', 20000),
    (57, 10, '새조개', '1kg', 15000),
    (58, 10, '꼬막', '1kg', 10000),
    (59, 10, '해삼', '1개', 5000),
    (60, 10, '홍합', '1kg', 6000),

    -- 마량항 수산물 판매장 (해산물)
    (61, 11, '개조개', '500g', 9000),
    (62, 11, '멍게', '1kg', 8000),
    (63, 11, '갑오징어', '1마리', 7000),
    (64, 11, '왕새우', '1kg', 18000),
    (65, 11, '해파리', '500g', 3000),
    (66, 11, '청어', '1마리', 5000),

    -- 강진수산물판매센터 (해산물)
    (67, 12, '도다리', '1kg', 14000),
    (68, 12, '은어', '500g', 12000),
    (69, 12, '백합', '1kg', 9000),
    (70, 12, '붕장어', '1마리', 10000),
    (71, 12, '다슬기', '500g', 4000),
    (72, 12, '가리비', '1kg', 11000),

    -- 강진완도축협 (육류)
    (73, 13, '한우등심', '500g', 25000),
    (74, 13, '돼지삼겹살', '1kg', 20000),
    (75, 13, '한우안심', '500g', 30000),
    (76, 13, '돼지목살', '1kg', 18000),
    (77, 13, '한우채끝', '500g', 28000),
    (78, 13, '돼지갈비', '1kg', 15000),

    -- 강진궁전한우촌 (육류)
    (79, 14, '한우갈비', '1kg', 35000),
    (80, 14, '한우불고기', '500g', 20000),
    (81, 14, '소사태', '500g', 15000),
    (82, 14, '돼지앞다리살', '1kg', 17000),
    (83, 14, '한우우둔살', '500g', 22000),
    (84, 14, '소꼬리', '1kg', 30000),

    -- 가온축산 (육류)
    (85, 15, '염소고기', '1kg', 25000),
    (86, 15, '염소지육', '1마리', 100000),
    (87, 15, '염소다리', '500g', 18000),
    (88, 15, '염소가슴살', '500g', 20000),
    (89, 15, '염소갈비', '1kg', 30000),
    (90, 15, '염소목살', '500g', 22000),

    -- 은정훈제육포 (육류)
    (91, 16, '소고기육포', '100g', 8000),
    (92, 16, '돼지고기육포', '100g', 7000),
    (93, 16, '바베큐육포', '150g', 10000),
    (94, 16, '매운소고기육포', '100g', 8500),
    (95, 16, '갈릭돼지고기육포', '100g', 7500),
    (96, 16, '허니육포', '150g', 9500),

    -- 강진축산 (육류)
    (97, 17, '한우정육', '500g', 24000),
    (98, 17, '돼지등심', '1kg', 19000),
    (99, 17, '소잡채용고기', '500g', 18000),
    (100, 17, '돼지갈매기살', '1kg', 21000),
    (101, 17, '한우차돌박이', '500g', 26000),
    (102, 17, '돼지삼겹살', '1kg', 20000),

    -- 강진한우마을 (육류)
    (103, 18, '한우꽃등심', '500g', 35000),
    (104, 18, '한우국거리', '1kg', 22000),
    (105, 18, '소혀', '500g', 15000),
    (106, 18, '한우양지', '500g', 20000),
    (107, 18, '소머리고기', '1kg', 30000),
    (108, 18, '한우곰탕용고기', '1kg', 24000),

    -- 26빵집 (베이커리)
    (109, 19, '천연발효종빵', '1개', 5000),
    (110, 19, '호밀빵', '1개', 4000),
    (111, 19, '통밀식빵', '1개', 4500),
    (112, 19, '크랜베리치아바타', '1개', 6000),
    (113, 19, '바게트', '1개', 3500),
    (114, 19, '올리브포카치아', '1개', 5500),

    -- 쨈과크림 (베이커리)
    (115, 20, '초코케이크', '1조각', 5000),
    (116, 20, '휘낭시에', '1개', 2500),
    (117, 20, '딸기케이크', '1조각', 5500),
    (118, 20, '크루아상', '1개', 3000),
    (119, 20, '마카롱', '1개', 2000),
    (120, 20, '레몬타르트', '1개', 4000),

    -- 베이크업 (베이커리)
    (121, 21, '버터롤', '1개', 1500),
    (122, 21, '팥앙금빵', '1개', 2000),
    (123, 21, '우유식빵', '1개', 3000),
    (124, 21, '애플파이', '1개', 4000),
    (125, 21, '치즈번', '1개', 3500),
    (126, 21, '카스테라', '1개', 2500),

    -- 강진책빵 (베이커리)
    (127, 22, '커스터드크림빵', '1개', 3000),
    (128, 22, '초코머핀', '1개', 2500),
    (129, 22, '피칸파이', '1개', 4500),
    (130, 22, '모카번', '1개', 3500),
    (131, 22, '호두파운드케이크', '1개', 4000),
    (132, 22, '소보로빵', '1개', 2000),

    -- 떡떡쿵덕쿵 (베이커리)
    (133, 23, '밤식빵', '1개', 4000),
    (134, 23, '마늘빵', '1개', 3500),
    (135, 23, '흑임자찰떡', '1개', 2000),
    (136, 23, '인절미', '1개', 1800),
    (137, 23, '쑥떡', '1개', 1500),
    (138, 23, '꿀떡', '1개', 2000),

    -- 오트릿 (베이커리)
    (139, 24, '귀리머핀', '1개', 3000),
    (140, 24, '귀리스콘', '1개', 2500),
    (141, 24, '귀리바나나케이크', '1조각', 5000),
    (142, 24, '귀리쿠키', '1개', 1500),
    (143, 24, '귀리브레드', '1개', 4500),
    (144, 24, '오트밀파이', '1개', 4000),

    -- 강진농장 (유제품\&계란)
    (145, 25, '유기농우유', '1L', 3000),
    (146, 25, '신선한계란', '10개', 5000),
    (147, 25, '요거트', '500ml', 4000),
    (148, 25, '버터', '200g', 6000),
    (149, 25, '크림치즈', '200g', 7000),
    (150, 25, '산양유', '1L', 8000),

    -- 임마누엘농장 (유제품\&계란)
    (151, 26, '자연방사계란', '10개', 6000),
    (152, 26, '신선한우유', '1L', 3500),
    (153, 26, '고소한요구르트', '500ml', 4000),
    (154, 26, '체다치즈', '200g', 5000),
    (155, 26, '유기농생크림', '500ml', 7000),
    (156, 26, '가염버터', '200g', 6500),

    -- 행복을찾아서 농장 (유제품\&계란)
    (157, 27, '산양유요구르트', '500ml', 5000),
    (158, 27, '유기농계란', '10개', 5500),
    (159, 27, '산양치즈', '200g', 8000),
    (160, 27, '유기농우유', '1L', 4000),
    (161, 27, '산양요구르트', '1L', 7000),
    (162, 27, '산양버터', '200g', 8500),

    -- 강진산들농원 (유제품\&계란)
    (163, 28, '자연방사우유', '1L', 3500),
    (164, 28, '유기농요구르트', '500ml', 4500),
    (165, 28, '산양치즈', '200g', 8000),
    (166, 28, '신선한계란', '10개', 5000),
    (167, 28, '모짜렐라치즈', '200g', 6000),
    (168, 28, '유기농버터', '200g', 7000),

    -- 강진푸소 체험 농가 (유제품\&계란)
    (169, 29, '체험용계란', '10개', 4000),
    (170, 29, '푸소우유', '1L', 3000),
    (171, 29, '푸소요구르트', '500ml', 3500),
    (172, 29, '농가치즈', '200g', 5500),
    (173, 29, '신선생크림', '500ml', 4500),
    (174, 29, '유기농우유', '1L', 4000),

    -- 강진농업기술센터 (유제품&계란)
    (175, 30, '신선한계란', '10개', 4800),
    (176, 30, '유기농우유', '1L', 3200),
    (177, 30, '고소한요거트', '500ml', 3700),
    (178, 30, '농업센터치즈', '200g', 6200),
    (179, 30, '유기농크림', '500ml', 5000),
    (180, 30, '산양유', '1L', 7000),

    -- 그린화훼영농조합법인 뷰티팜 (화훼)
    (181, 31, '수국', '1송이', 5000),
    (182, 31, '작약', '1송이', 7000),
    (183, 31, '장미', '1송이', 3000),
    (184, 31, '해바라기', '1송이', 4000),
    (185, 31, '튤립', '1송이', 3500),
    (186, 31, '라벤더', '1송이', 2500),

    -- 강진농장 (화훼)
    (187, 32, '국화', '1송이', 4000),
    (188, 32, '백합', '1송이', 5000),
    (189, 32, '카네이션', '1송이', 3000),
    (190, 32, '데이지', '1송이', 2000),
    (191, 32, '수선화', '1송이', 3500),
    (192, 32, '프리지아', '1송이', 3200),

    -- 강진화훼단지 (화훼)
    (193, 33, '가을국화', '1송이', 4500),
    (194, 33, '튤립화분', '1개', 12000),
    (195, 33, '핑크장미', '1송이', 4000),
    (196, 33, '작은선인장', '1개', 5000),
    (197, 33, '이끼볼', '1개', 6000),
    (198, 33, '허브화분', '1개', 8000),

    -- 강진꽃농원 (화훼)
    (199, 34, '제라늄', '1화분', 10000),
    (200, 34, '금잔화', '1송이', 3500),
    (201, 34, '팬지', '1송이', 2000),
    (202, 34, '다육식물', '1개', 8000),
    (203, 34, '베고니아', '1화분', 15000),
    (204, 34, '무스카리', '1송이', 2800),

    -- 강진수목원 (화훼)
    (205, 35, '모란', '1송이', 4500),
    (206, 35, '금어초', '1송이', 3200),
    (207, 35, '아이비', '1화분', 7000),
    (208, 35, '산세베리아', '1화분', 12000),
    (209, 35, '철쭉', '1송이', 4000),
    (210, 35, '안개꽃', '1송이', 3000),

    -- 강진화훼농장 (화훼)
    (211, 36, '마리골드', '1송이', 4000),
    (212, 36, '천일홍', '1송이', 3000),
    (213, 36, '플록스', '1송이', 3500),
    (214, 36, '파키라', '1화분', 15000),
    (215, 36, '목련', '1송이', 4500),
    (216, 36, '홍단심', '1송이', 3800);

-- User 테이블 더미 데이터
INSERT INTO user (user_id, user_name, user_password, user_nickname, authority, social_type, name, user_img)
VALUES
    (1, 'user1', 'password1', 'nickname1', 'ROLE_USER', 'KAKAO', 'User One', 'img1.jpg'),
    (2, 'user2', 'password2', 'nickname2', 'ROLE_USER', 'KAKAO', 'User Two', 'img2.jpg'),
    (3, 'user3', 'password3', 'nickname3', 'ROLE_USER', 'KAKAO', 'User Three', 'img3.jpg');

-- Contract 테이블 더미 데이터
INSERT INTO contract (contract_id, delivery_week, delivery_day, take_method, requested_term, total_price, status, user_id, enterprise_id)
VALUES
    (1, 1, 'Monday', 'PICKUP', '2023-01-01 to 2023-12-31', 100000, true, 1, 1),
    (2, 2, 'Wednesday', 'DELIVERY', '2023-02-01 to 2023-11-30', 200000, false, 2, 2),
    (3, 3, 'Friday', 'PICKUP', '2023-03-01 to 2023-10-31', 150000, true, 3, 3);

-- ContractProducts 테이블 더미 데이터
INSERT INTO contract_products (id, contract_id, product_product_id, product_name, quantity)
VALUES
    (1, 1, 186, '라벤더', 10),
    (2, 1, 187, '국화', 20),
    (3, 2, 188, '백합', 15),
    (4, 2, 189, '카네이션', 25),
    (5, 3, 190, '데이지', 30),
    (6, 3, 191, '수선화', 35);